<?xml version='1.0' encoding='UTF-8' ?>
<timeLogEntries>
  <time id="57" path="/Non Project/PSP Training/Program 5/Planning" start="@1618083160152" delta="10" flag="A" />
  <time id="58" path="/Non Project/PSP Training/Program 5/Design" start="@1618084285472" delta="22" flag="A" />
  <time id="59" path="/Non Project/PSP Training/Program 5/Design" start="@1618086016586" delta="2" flag="A" />
  <time id="60" path="/Non Project/PSP Training/Program 5/Design" start="@1618087269648" delta="12" flag="A" />
  <time id="61" path="/Non Project/PSP Training/Program 5/Code" start="@1618088563000" delta="92" flag="A" />
  <time id="62" path="/Non Project/PSP Training/Program 5/Code Review" start="@1618093485262" delta="4" flag="A" />
  <time id="63" path="/Non Project/PSP Training/Program 5/Code Review" start="@1618119901869" delta="28" flag="A" />
  <time id="64" path="/Non Project/PSP Training/Program 5/Test" start="@1618121613856" delta="12" flag="A" />
  <time id="65" path="/Non Project/PSP Training/Program 5/Test" start="@1618123649463" delta="1" flag="A" />
  <time id="66" path="/Non Project/PSP Training/Program 5/Postmortem" start="@1618123650869" delta="11" flag="A" />
  <time id="67" path="/Non Project/PSP Training/Program 5/Design Review" start="@1618087920000" delta="9" flag="A" />
</timeLogEntries>
