<?xml version='1.0' encoding='UTF-8' ?>
<timeLogEntries>
  <time id="1" path="/Non Project/PSP Training/Program 1/Planning" start="@1614381644700" delta="5" flag="A" />
  <time id="2" path="/Non Project/PSP Training/Program 1/Design" start="@1614381927579" delta="15" flag="A" />
  <time id="3" path="/Non Project/PSP Training/Program 1/Code" start="@1614383078260" delta="27" flag="A" />
  <time id="4" path="/Non Project/PSP Training/Program 1/Code" start="@1614387311805" delta="4" flag="A" />
  <time id="5" path="/Non Project/PSP Training/Program 1/Code" start="@1614387616000" delta="122" interrupt="14" flag="A" />
  <time id="6" flag="D" />
  <time id="7" flag="D" />
  <time id="8" flag="D" />
  <time id="9" path="/Non Project/PSP Training/Program 1/Code" start="@1614396015000" delta="12" flag="A" />
  <time id="10" path="/Non Project/PSP Training/Program 1/Test" start="@1614396708915" delta="103" interrupt="8" flag="A" />
  <time id="11" path="/Non Project/PSP Training/Program 1/Postmortem" start="@1614403412339" delta="28" flag="A" />
</timeLogEntries>
