<?xml version='1.0' encoding='UTF-8' ?>
<timeLogEntries>
  <time id="1" path="/Non Project/PSP Training/Program 1/Planning" start="@1614381644700" delta="5" />
  <time id="2" path="/Non Project/PSP Training/Program 1/Design" start="@1614381927579" delta="15" />
  <time id="3" path="/Non Project/PSP Training/Program 1/Code" start="@1614383078260" delta="27" />
  <time id="4" path="/Non Project/PSP Training/Program 1/Code" start="@1614387311805" delta="4" />
  <time id="5" path="/Non Project/PSP Training/Program 1/Code" start="@1614387616000" delta="122" interrupt="14" />
  <time id="9" path="/Non Project/PSP Training/Program 1/Code" start="@1614396015000" delta="12" />
  <time id="10" path="/Non Project/PSP Training/Program 1/Test" start="@1614396708915" delta="103" interrupt="8" />
  <time id="11" path="/Non Project/PSP Training/Program 1/Postmortem" start="@1614403412339" delta="28" />
  <time id="12" path="/Non Project/PSP Training/Program 2/Planning" start="@1614696866528" delta="3" />
  <time id="13" path="/Non Project/PSP Training/Program 2/Planning" start="@1614697420525" delta="1" />
  <time id="14" path="/Non Project/PSP Training/Program 2/Planning" start="@1614697927505" delta="5" interrupt="3" />
  <time id="15" path="/Non Project/PSP Training/Program 2/Planning" start="@1614699108969" delta="9" />
  <time id="16" path="/Non Project/PSP Training/Program 2/Planning" start="@1614700121593" delta="5" />
  <time id="17" path="/Non Project/PSP Training/Program 2/Planning" start="@1615089693130" delta="5" />
  <time id="18" path="/Non Project/PSP Training/Program 2/Planning" start="@1615090331496" delta="3" />
  <time id="19" path="/Non Project/PSP Training/Program 2/Design" start="@1615090523500" delta="10" />
  <time id="20" path="/Non Project/PSP Training/Program 2/Design" start="@1615098667907" delta="33" interrupt="4" />
  <time id="21" path="/Non Project/PSP Training/Program 2/Design" start="@1615248805304" delta="1" />
  <time id="22" path="/Non Project/PSP Training/Program 2/Code" start="@1615248806984" delta="72" />
  <time id="23" path="/Non Project/PSP Training/Program 2/Code" start="@1615254355947" delta="27" />
  <time id="24" path="/Non Project/PSP Training/Program 2/Code" start="@1615415145551" delta="37" interrupt="2" />
  <time id="25" path="/Non Project/PSP Training/Program 2/Code" start="@1615418130228" delta="43" />
  <time id="26" path="/Non Project/PSP Training/Program 2/Code" start="@1615425027422" delta="111" />
</timeLogEntries>
