<?xml version='1.0' encoding='UTF-8' ?>
<timeLogEntries>
  <time id="68" path="/Non Project/PSP Training/Program 6/Planning" start="@1619448615692" delta="27" flag="A" />
  <time id="69" path="/Non Project/PSP Training/Program 6/Design" start="@1619450905677" delta="19" flag="A" />
  <time id="70" path="/Non Project/PSP Training/Program 6/Design" start="@1619452690243" delta="33" flag="A" />
  <time id="71" path="/Non Project/PSP Training/Program 6/Design" start="@1619464159293" delta="8" flag="A" />
  <time id="72" path="/Non Project/PSP Training/Program 6/Design Review" start="@1619492837443" delta="14" flag="A" />
  <time id="73" path="/Non Project/PSP Training/Program 6/Code" start="@1619493708132" delta="116" flag="A" />
  <time id="74" path="/Non Project/PSP Training/Program 6/Code Review" start="@1619500646389" delta="7" flag="A" />
  <time id="75" path="/Non Project/PSP Training/Program 6/Test" start="@1619501095398" delta="5" interrupt="22" flag="A" />
  <time id="76" path="/Non Project/PSP Training/Program 6/Postmortem" start="@1619504341876" delta="13" flag="A" />
</timeLogEntries>
