<?xml version='1.0' encoding='UTF-8' ?>
<timeLogEntries>
  <time id="1" path="/Non Project/PSP Training/Program 1/Planning" start="@1614381644700" delta="5" />
  <time id="2" path="/Non Project/PSP Training/Program 1/Design" start="@1614381927579" delta="15" />
  <time id="3" path="/Non Project/PSP Training/Program 1/Code" start="@1614383078260" delta="27" />
  <time id="4" path="/Non Project/PSP Training/Program 1/Code" start="@1614387311805" delta="4" />
  <time id="5" path="/Non Project/PSP Training/Program 1/Code" start="@1614387616000" delta="122" interrupt="14" />
  <time id="9" path="/Non Project/PSP Training/Program 1/Code" start="@1614396015000" delta="12" />
  <time id="10" path="/Non Project/PSP Training/Program 1/Test" start="@1614396708915" delta="103" interrupt="8" />
  <time id="11" path="/Non Project/PSP Training/Program 1/Postmortem" start="@1614403412339" delta="28" />
  <time id="12" path="/Non Project/PSP Training/Program 2/Planning" start="@1614696866528" delta="3" />
  <time id="13" path="/Non Project/PSP Training/Program 2/Planning" start="@1614697420525" delta="1" />
  <time id="14" path="/Non Project/PSP Training/Program 2/Planning" start="@1614697927505" delta="5" interrupt="3" />
  <time id="15" path="/Non Project/PSP Training/Program 2/Planning" start="@1614699108969" delta="9" />
  <time id="16" path="/Non Project/PSP Training/Program 2/Planning" start="@1614700121593" delta="5" />
  <time id="17" path="/Non Project/PSP Training/Program 2/Planning" start="@1615089693130" delta="5" />
  <time id="18" path="/Non Project/PSP Training/Program 2/Planning" start="@1615090331496" delta="3" />
  <time id="19" path="/Non Project/PSP Training/Program 2/Design" start="@1615090523500" delta="10" />
  <time id="20" path="/Non Project/PSP Training/Program 2/Design" start="@1615098667907" delta="33" interrupt="4" />
  <time id="21" path="/Non Project/PSP Training/Program 2/Design" start="@1615248805304" delta="1" />
  <time id="22" path="/Non Project/PSP Training/Program 2/Code" start="@1615248806984" delta="72" />
  <time id="23" path="/Non Project/PSP Training/Program 2/Code" start="@1615254355947" delta="27" />
  <time id="24" path="/Non Project/PSP Training/Program 2/Code" start="@1615415145551" delta="37" interrupt="2" />
  <time id="25" path="/Non Project/PSP Training/Program 2/Code" start="@1615418130228" delta="43" />
  <time id="26" path="/Non Project/PSP Training/Program 2/Code" start="@1615425027422" delta="111" />
  <time id="27" path="/Non Project/PSP Training/Program 2/Code" start="@1615556672000" delta="10" />
  <time id="28" path="/Non Project/PSP Training/Program 2/Test" start="@1615557257554" delta="51" />
  <time id="29" path="/Non Project/PSP Training/Program 2/Test" start="@1615561777186" delta="13" interrupt="3" />
  <time id="30" path="/Non Project/PSP Training/Program 2/Test" start="@1615564654562" delta="1" />
  <time id="31" path="/Non Project/PSP Training/Program 2/Postmortem" start="@1615564679121" delta="2" />
  <time id="32" path="/Non Project/PSP Training/Program 2/Postmortem" start="@1615565255315" delta="36" interrupt="3" />
  <time id="33" path="/Non Project/PSP Training/Program 3/Planning" start="@1616274142332" delta="5" />
  <time id="34" path="/Non Project/PSP Training/Program 3/Planning" start="@1616276140701" delta="5" interrupt="1" />
  <time id="35" path="/Non Project/PSP Training/Program 3/Planning" start="@1616278397274" delta="4" />
  <time id="36" path="/Non Project/PSP Training/Program 3/Planning" start="@1616284801025" delta="3" />
  <time id="37" path="/Non Project/PSP Training/Program 3/Design" start="@1616285025105" delta="31" interrupt="3" />
  <time id="38" path="/Non Project/PSP Training/Program 3/Design" start="@1616288225592" delta="3" />
  <time id="39" path="/Non Project/PSP Training/Program 3/Design" start="@1616293900419" delta="12" />
  <time id="41" path="/Non Project/PSP Training/Program 3/Design Review" start="@1616296851415" delta="16" interrupt="1" />
  <time id="42" path="/Non Project/PSP Training/Program 3/Code" start="@1616297935153" delta="34" interrupt="5" />
  <time id="43" path="/Non Project/PSP Training/Program 3/Code" start="@1616301053000" delta="147" interrupt="4" />
  <time id="44" path="/Non Project/PSP Training/Program 3/Code Review" start="@1616310794083" delta="10" interrupt="72" />
  <time id="45" path="/Non Project/PSP Training/Program 3/Test" start="@1616315772626" delta="26" interrupt="2" />
  <time id="46" path="/Non Project/PSP Training/Program 3/Postmortem" start="@1616317480021" delta="44" />
  <time id="47" path="/Non Project/PSP Training/Program 4/Planning" start="@1616876878317" delta="3" />
  <time id="48" path="/Non Project/PSP Training/Program 4/Planning" start="@1616877660109" delta="14" />
  <time id="49" path="/Non Project/PSP Training/Program 4/Design" start="@1616878524185" delta="131" interrupt="12" />
  <time id="50" path="/Non Project/PSP Training/Program 4/Design" start="@1616889708620" delta="35" interrupt="1" />
  <time id="51" path="/Non Project/PSP Training/Program 4/Design Review" start="@1616891950630" delta="5" interrupt="25" />
  <time id="52" path="/Non Project/PSP Training/Program 4/Code" start="@1616893782077" delta="136" />
  <time id="53" path="/Non Project/PSP Training/Program 4/Code Review" start="@1616906713361" delta="13" />
  <time id="54" path="/Non Project/PSP Training/Program 4/Test" start="@1616907506847" delta="175" />
  <time id="55" path="/Non Project/PSP Training/Program 4/Postmortem" start="@1616918304819" delta="3" />
  <time id="56" path="/Non Project/PSP Training/Program 4/Postmortem" start="@1616918583822" delta="31" />
  <time id="57" path="/Non Project/PSP Training/Program 5/Planning" start="@1618083160152" delta="10" />
  <time id="58" path="/Non Project/PSP Training/Program 5/Design" start="@1618084285472" delta="22" />
  <time id="59" path="/Non Project/PSP Training/Program 5/Design" start="@1618086016586" delta="2" />
  <time id="60" path="/Non Project/PSP Training/Program 5/Design" start="@1618087269648" delta="12" />
  <time id="61" path="/Non Project/PSP Training/Program 5/Code" start="@1618088563000" delta="92" />
  <time id="62" path="/Non Project/PSP Training/Program 5/Code Review" start="@1618093485262" delta="4" />
  <time id="63" path="/Non Project/PSP Training/Program 5/Code Review" start="@1618119901869" delta="28" />
  <time id="64" path="/Non Project/PSP Training/Program 5/Test" start="@1618121613856" delta="12" />
  <time id="65" path="/Non Project/PSP Training/Program 5/Test" start="@1618123649463" delta="1" />
  <time id="66" path="/Non Project/PSP Training/Program 5/Postmortem" start="@1618123650869" delta="11" />
  <time id="67" path="/Non Project/PSP Training/Program 5/Design Review" start="@1618087920000" delta="9" />
</timeLogEntries>
