<?xml version='1.0' encoding='UTF-8' ?>
<timeLogEntries>
  <time id="77" path="/Non Project/PSP Training/Program 7/Planning" start="@1620074349477" delta="12" flag="A" />
  <time id="78" path="/Non Project/PSP Training/Program 7/Design" start="@1620075077786" delta="55" interrupt="11" flag="A" />
  <time id="79" path="/Non Project/PSP Training/Program 7/Design" start="@1620083423064" delta="37" flag="A" />
  <time id="80" path="/Non Project/PSP Training/Program 7/Design" start="@1620088784834" delta="16" flag="A" />
  <time id="81" path="/Non Project/PSP Training/Program 7/Design Review" start="@1620153909665" delta="10" flag="A" />
  <time id="82" path="/Non Project/PSP Training/Program 7/Code" start="@1620154516991" delta="19" flag="A" />
  <time id="83" path="/Non Project/PSP Training/Program 7/Code" start="@1620162720478" delta="142" interrupt="18" flag="A" />
  <time id="84" path="/Non Project/PSP Training/Program 7/Code" start="@1620183769300" delta="56" flag="A" />
  <time id="85" path="/Non Project/PSP Training/Program 7/Code Review" start="@1620190293000" delta="22" flag="A" />
  <time id="86" path="/Non Project/PSP Training/Program 7/Test" start="@1620192010000" delta="21" flag="A" />
  <time id="87" path="/Non Project/PSP Training/Program 7/Postmortem" start="@1620193437000" delta="10" flag="A" />
</timeLogEntries>
