<?xml version='1.0' encoding='UTF-8' ?>
<timeLogEntries>
  <time id="33" path="/Non Project/PSP Training/Program 3/Planning" start="@1616274142332" delta="5" flag="A" />
  <time id="34" path="/Non Project/PSP Training/Program 3/Planning" start="@1616276140701" delta="5" interrupt="1" flag="A" />
  <time id="35" path="/Non Project/PSP Training/Program 3/Planning" start="@1616278397274" delta="4" flag="A" />
  <time id="36" path="/Non Project/PSP Training/Program 3/Planning" start="@1616284801025" delta="3" flag="A" />
  <time id="37" path="/Non Project/PSP Training/Program 3/Design" start="@1616285025105" delta="31" interrupt="3" flag="A" />
  <time id="38" path="/Non Project/PSP Training/Program 3/Design" start="@1616288225592" delta="3" flag="A" />
  <time id="39" path="/Non Project/PSP Training/Program 3/Design" start="@1616293900419" delta="12" flag="A" />
  <time id="40" flag="D" />
  <time id="41" path="/Non Project/PSP Training/Program 3/Design Review" start="@1616296851415" delta="16" interrupt="1" flag="A" />
  <time id="42" path="/Non Project/PSP Training/Program 3/Code" start="@1616297935153" delta="34" interrupt="5" flag="A" />
  <time id="43" path="/Non Project/PSP Training/Program 3/Code" start="@1616301053000" delta="147" interrupt="4" flag="A" />
  <time id="44" path="/Non Project/PSP Training/Program 3/Code Review" start="@1616310794083" delta="10" interrupt="72" flag="A" />
  <time id="45" path="/Non Project/PSP Training/Program 3/Test" start="@1616315772626" delta="26" interrupt="2" flag="A" />
  <time id="46" path="/Non Project/PSP Training/Program 3/Postmortem" start="@1616317480021" delta="44" flag="A" />
</timeLogEntries>
